{
  "IsEncrypted": false,
  "Values": {
    "AzureWebJobsStorage": "",
    "FUNCTIONS_WORKER_RUNTIME": "dotnet-isolated",
    "ServiceBusConnectionString": "Endpoint=sb://orderservicebus1.servicebus.windows.net/;SharedAccessKeyName=SendPolicy;SharedAccessKey=cuwj7uoFOd+OtHXg+spUw0SQsxxuGkF1g+ASbAthmQU=;EntityPath=order-queue"
  },
  "AzureStorage": {
    "ConnectionString": "DefaultEndpointsProtocol=https;AccountName=orderstorage;AccountKey=y8cM7LEEmgtdbThqnRS9Wfx/j0t5bh+92PjAeYFaDqE1fiJhTmQi29Rmu4d1dIrxbXN90AQqIBnE+AStD1pImQ==;EndpointSuffix=core.windows.net",
    "ContainerName": "employee-messages"
  }
}

